ID,Avg_Rating,Num_Reviews,AVG_cnt,Pos_Negative_Proba,Avg_Feedback,Avg_age
1077,4.0,251,329.66932270916334,0.7631031306384911,2.135458167330677,41.96812749003984
1049,4.0,25,359.72,0.8438075914196732,3.12,44.44
847,4.0,4,358.25,0.8907332181325518,2.0,42.0
1080,4.0,241,342.1161825726141,0.7758238164973126,3.0622406639004147,40.79253112033195
858,4.0,18,370.44444444444446,0.722670587702033,2.111111111111111,44.5
1095,4.0,287,369.3623693379791,0.7370846171629937,3.7142857142857144,41.12891986062718
767,5.0,1,377.0,0.6797050041025168,0.0,44.0
1065,4.0,16,352.0,0.787160551760061,3.0,40.6875
853,4.0,6,348.6666666666667,0.5428177891183231,3.1666666666666665,39.166666666666664
1120,4.0,2,330.5,0.9544434508242555,0.0,49.0
697,4.0,2,303.0,0.5828637627494964,0.0,35.0
949,4.0,69,315.0,0.828262119053286,2.0869565217391304,46.78260869565217
1003,4.0,21,327.9047619047619,0.8513528599333232,1.619047619047619,39.80952380952381
684,5.0,1,192.0,0.5446665977381063,2.0,53.0
4,5.0,1,445.0,0.9027351825931572,0.0,28.0
1060,4.0,81,342.9259259259259,0.8017068051498172,3.5308641975308643,43.123456790123456
910,4.0,4,241.0,0.856541111521233,2.75,52.0
89,4.0,1,499.0,0.799802358251377,1.0,67.0
862,4.0,658,293.60790273556233,0.7816585980673725,2.5835866261398177,43.54255319148936
368,2.0,2,383.0,0.5503463604540845,0.5,44.0
1078,4.0,871,328.4776119402985,0.7785613989171228,2.859931113662457,42.71986222732492
845,4.0,4,398.75,0.3581652956555518,7.75,47.25
822,4.0,29,330.62068965517244,0.7954672078197966,2.2413793103448274,44.44827586206897
850,4.0,280,320.45714285714286,0.8047017941775495,3.1035714285714286,43.76428571428571
1082,4.0,119,336.3529411764706,0.7534367227334225,3.495798319327731,44.7563025210084
836,4.0,172,322.98837209302326,0.7730317960429096,3.9709302325581395,43.424418604651166
1081,4.0,487,336.97125256673513,0.7926402728965584,3.2032854209445585,42.29363449691992
1072,4.0,166,337.36746987951807,0.7379403945761231,3.3795180722891565,43.87951807228916
1133,3.0,6,364.8333333333333,0.8467274963316903,2.1666666666666665,48.833333333333336
861,4.0,203,267.2758620689655,0.7937635090300208,2.6403940886699506,43.645320197044335
863,4.0,243,271.57201646090533,0.8135865420962508,2.2222222222222223,46.48148148148148
923,4.0,7,249.71428571428572,0.7715859570958331,9.142857142857142,48.142857142857146
966,4.0,18,304.44444444444446,0.8194451637803193,1.6666666666666667,39.05555555555556
126,4.0,1,500.0,0.4464215965296552,1.0,34.0
1008,4.0,163,308.90184049079755,0.8355972868288447,2.3190184049079754,41.98159509202454
829,4.0,452,314.4314159292035,0.7838232822383772,2.4579646017699117,44.49778761061947
828,4.0,181,311.16022099447514,0.8036338845812934,3.5027624309392267,44.193370165745854
1011,4.0,16,355.5625,0.8203955858823005,2.0625,46.0
523,3.0,1,400.0,0.41495704200933126,2.0,43.0
1126,4.0,36,353.77777777777777,0.7938815150033048,0.8333333333333334,44.75
1020,4.0,133,307.6842105263158,0.8171519910554993,2.8721804511278197,44.090225563909776
895,4.0,336,297.7886904761905,0.802359853023192,2.0238095238095237,44.464285714285715
1104,4.0,147,318.06802721088434,0.7454325358833944,3.36734693877551,39.98639455782313
670,4.0,2,299.5,0.965066866184509,0.0,51.0
329,5.0,1,193.0,0.8923286617508636,0.0,46.0
868,4.0,370,304.8216216216216,0.745893940583764,2.7621621621621624,44.543243243243246
1094,4.0,651,339.49615975422427,0.7680684193456795,3.4807987711213517,41.56221198156682
596,5.0,1,109.0,0.8034338889090958,2.0,41.0
1075,4.0,62,312.5483870967742,0.7340013963930158,1.967741935483871,44.096774193548384
305,2.0,1,144.0,0.2958590381532325,0.0,46.0
647,4.0,4,346.5,0.7552227070821942,2.5,35.5
1025,4.0,100,323.97,0.8452445471726188,1.48,43.7
815,4.0,41,334.0243902439024,0.7242691183907579,3.1951219512195124,47.02439024390244
1066,4.0,78,337.8076923076923,0.887324877605555,2.3974358974358974,45.34615384615385
840,4.0,44,307.0681818181818,0.7452239039369281,2.9545454545454546,45.27272727272727
1026,5.0,16,380.3125,0.9009442690601348,0.8125,42.5
1030,4.0,59,318.1694915254237,0.8432296335515389,1.423728813559322,43.91525423728814
872,4.0,450,294.29555555555555,0.8071052308263582,2.2888888888888888,43.57333333333333
1115,4.0,20,379.55,0.8143533485396126,3.1,41.35
1018,4.0,3,456.0,0.8289562230413523,2.3333333333333335,45.0
824,4.0,77,322.27272727272725,0.8008385925638816,2.3766233766233764,44.61038961038961
878,4.0,33,305.09090909090907,0.761807988193963,3.090909090909091,43.39393939393939
984,4.0,144,325.1041666666667,0.8387964489580022,2.6527777777777777,45.59027777777778
866,4.0,96,306.5104166666667,0.6541840173629888,2.5833333333333335,41.583333333333336
1182,5.0,1,58.0,0.975071208877932,0.0,37.0
1024,5.0,28,351.82142857142856,0.8273918573716376,1.4285714285714286,47.07142857142857
1131,4.0,16,382.5,0.712428381018523,4.875,44.6875
831,4.0,138,309.0072463768116,0.7839908084620891,2.130434782608696,43.42028985507246
1089,4.0,74,339.56756756756755,0.7004512804335246,4.324324324324325,38.95945945945946
844,4.0,44,334.8636363636364,0.7027212124646501,2.5681818181818183,43.97727272727273
936,4.0,289,319.280276816609,0.8246635629295919,2.8442906574394464,44.30103806228374
1103,4.0,31,365.61290322580646,0.7560792705420625,3.903225806451613,42.903225806451616
907,4.0,106,298.95283018867923,0.8323705518868348,1.528301886792453,44.4622641509434
580,5.0,1,231.0,0.8991142786851903,1.0,60.0
859,4.0,14,307.64285714285717,0.8038268304870242,2.5714285714285716,50.07142857142857
127,4.0,5,233.2,0.8258238874306079,0.4,42.6
902,4.0,13,286.61538461538464,0.7010878583650778,1.8461538461538463,44.92307692307692
995,4.0,31,324.3225806451613,0.7813819057667029,2.6129032258064515,41.58064516129032
1086,4.0,241,336.3070539419087,0.7886069910807894,3.327800829875519,41.12033195020747
746,3.0,1,368.0,0.7796929908064665,0.0,34.0
1035,4.0,115,310.0608695652174,0.8437911419298966,2.6956521739130435,41.30434782608695
1036,5.0,17,364.6470588235294,0.8690939163985325,1.0,47.88235294117647
1083,4.0,214,361.75233644859816,0.7604359911257792,1.6401869158878504,41.40654205607477
964,5.0,65,326.96923076923076,0.8347903960361464,1.8461538461538463,41.276923076923076
967,4.0,20,347.35,0.8491348001508918,2.4,43.15
149,4.0,2,377.0,0.868932584382279,0.5,35.5
724,4.0,1,270.0,0.48329225091890204,1.0,69.0
833,4.0,132,323.5833333333333,0.7610877447868509,2.7954545454545454,46.97727272727273
204,5.0,1,131.0,0.4124098557769346,0.0,30.0
841,4.0,24,336.2083333333333,0.671923323026513,4.083333333333333,41.541666666666664
948,3.0,10,306.2,0.4947997538118343,1.2,47.3
820,4.0,177,325.2429378531073,0.775200736754371,2.8361581920903953,43.52542372881356
1037,4.0,91,323.0879120879121,0.8256824339139204,1.5054945054945055,41.637362637362635
875,4.0,101,282.43564356435644,0.7453452290940804,2.1881188118811883,41.91089108910891
835,4.0,121,350.06611570247935,0.7436287170790634,3.3801652892561984,43.85950413223141
634,4.0,11,316.1818181818182,0.7966275404768299,6.818181818181818,41.36363636363637
985,5.0,41,333.1463414634146,0.8594057552435513,2.7560975609756095,43.26829268292683
1059,4.0,247,336.04453441295544,0.80879799572509,2.6477732793522266,44.825910931174086
252,5.0,10,345.5,0.8156714629082321,2.2,43.1
838,3.0,30,338.6666666666667,0.6547213245897157,4.233333333333333,44.666666666666664
620,4.0,2,139.0,0.9864450542190886,1.5,44.5
943,4.0,10,315.2,0.722061115105077,1.7,48.2
117,4.0,2,231.0,0.8282823012185699,0.5,43.0
1087,4.0,109,327.07339449541286,0.6915100640457961,2.229357798165138,42.91743119266055
937,4.0,39,296.12820512820514,0.7085037971912167,2.641025641025641,41.38461538461539
1110,4.0,419,356.4200477326969,0.7877556485270818,4.219570405727923,42.618138424821005
873,4.0,197,278.16243654822335,0.8071448507465753,2.081218274111675,43.16751269035533
886,4.0,81,292.95061728395063,0.7869955995685611,2.9382716049382718,43.25925925925926
1137,4.0,4,381.25,0.83331516464242,2.25,59.0
1165,3.0,2,499.5,0.04569768262431023,5.5,30.0
745,5.0,4,241.5,0.9183469506716262,1.0,35.75
245,5.0,2,323.5,0.9105132931181801,2.5,32.0
945,4.0,61,317.7704918032787,0.7731068630921802,1.639344262295082,43.14754098360656
805,4.0,2,317.0,0.7689215578830977,2.5,54.5
1105,4.0,1,268.0,0.8462850502621975,0.0,49.0
969,5.0,7,314.42857142857144,0.8739960744184871,1.0,49.285714285714285
975,4.0,97,332.1340206185567,0.7595443508437602,3.3195876288659796,45.70103092783505
823,4.0,92,305.9782608695652,0.7321595887460548,2.608695652173913,44.81521739130435
1055,4.0,18,295.8888888888889,0.664083114163943,2.4444444444444446,41.5
2,4.0,1,365.0,0.7779150021526103,0.0,28.0
299,5.0,1,499.0,0.9737254199728066,3.0,37.0
1010,3.0,3,261.6666666666667,0.8328340795878093,3.6666666666666665,62.666666666666664
754,5.0,1,428.0,0.7136969668714002,0.0,48.0
952,4.0,35,293.7142857142857,0.7699860641092181,1.3428571428571427,48.08571428571429
832,4.0,15,324.3333333333333,0.7010641182433612,3.4,39.266666666666666
1015,4.0,11,364.72727272727275,0.847660209916798,1.5454545454545454,43.36363636363637
1111,4.0,47,358.4255319148936,0.738374163213537,2.9361702127659575,41.765957446808514
80,2.0,1,56.0,0.24470735118418113,0.0,47.0
1047,4.0,61,317.11475409836066,0.816793148495824,2.1639344262295084,44.459016393442624
1033,4.0,190,302.60526315789474,0.8364713752958751,2.0894736842105264,43.61578947368421
154,4.0,8,234.5,0.782589910867874,0.75,41.125
1140,4.0,4,310.5,0.7985176378303088,1.0,24.75
158,5.0,1,190.0,0.9270332374529286,1.0,25.0
1154,5.0,2,108.5,0.9122515954204902,0.0,41.5
1022,4.0,172,306.9244186046512,0.8684832150600771,1.7906976744186047,41.73255813953488
1145,3.0,9,350.0,0.7390844562557755,1.3333333333333333,44.888888888888886
854,4.0,130,289.9923076923077,0.771420412781204,2.330769230769231,43.238461538461536
909,4.0,102,304.2352941176471,0.7723378590562178,2.7549019607843137,45.98039215686274
864,4.0,125,290.456,0.7631620900109474,4.576,42.912
1099,4.0,115,328.23478260869564,0.8157495922506878,2.373913043478261,42.71304347826087
738,5.0,1,500.0,0.663167180084108,4.0,30.0
1001,4.0,32,302.625,0.8208348737652404,0.96875,45.46875
987,4.0,1,311.0,0.5438665624375821,4.0,58.0
1076,4.0,40,323.4,0.679043046862627,1.775,48.825
877,4.0,133,282.21804511278197,0.8133740983938638,2.4661654135338344,43.669172932330824
1068,4.0,93,325.2258064516129,0.8535915941168964,2.5698924731182795,45.956989247311824
691,4.0,1,273.0,0.9340963885943889,0.0,38.0
777,4.0,5,244.8,0.7311289370915652,0.6,42.4
860,4.0,237,306.126582278481,0.7628911798725849,2.1856540084388185,44.40506329113924
992,4.0,17,354.70588235294116,0.797039621902967,2.9411764705882355,45.64705882352941
993,4.0,51,325.9019607843137,0.8095586758055793,2.1176470588235294,44.588235294117645
197,3.0,1,301.0,0.5818982592457499,0.0,46.0
1042,4.0,21,312.3333333333333,0.8153613144771383,1.0952380952380953,39.19047619047619
59,5.0,1,347.0,0.7548671897930258,2.0,45.0
235,1.0,1,418.0,0.2916959754670277,0.0,32.0
1204,4.0,2,249.5,0.9304387630351765,1.5,39.0
720,5.0,3,442.3333333333333,0.8497712839324537,3.3333333333333335,53.333333333333336
1028,4.0,71,353.61971830985914,0.809013895919188,2.535211267605634,45.46478873239437
940,4.0,113,310.7699115044248,0.7969130345195233,2.185840707964602,46.017699115044245
979,5.0,4,351.75,0.8381288534870308,0.5,55.25
819,4.0,44,339.34090909090907,0.6846147399401613,3.7954545454545454,45.04545454545455
865,4.0,108,271.537037037037,0.7999276877677515,1.6574074074074074,40.97222222222222
867,4.0,291,285.9209621993127,0.7672732676326959,2.5051546391752577,44.09965635738832
1098,4.0,72,348.9166666666667,0.723065812394955,1.9305555555555556,42.43055555555556
825,4.0,75,349.14666666666665,0.7507049876695061,1.6266666666666667,42.50666666666667
708,5.0,1,91.0,0.6309987703868409,0.0,27.0
946,3.0,7,396.42857142857144,0.3434366010459578,3.2857142857142856,41.142857142857146
1074,4.0,39,367.61538461538464,0.7655388744624106,3.282051282051282,45.53846153846154
230,5.0,1,136.0,0.8631758964112713,1.0,30.0
837,3.0,6,350.0,0.6526814576952008,1.5,44.5
744,5.0,1,155.0,0.7952272844759471,0.0,63.0
775,3.0,1,331.0,0.5181234449754921,0.0,66.0
442,4.0,2,299.5,0.8983777283453751,0.5,50.0
1175,3.0,1,295.0,0.5070082117892495,5.0,30.0
411,3.0,5,330.6,0.7188611723114251,0.6,38.6
839,5.0,43,324.2325581395349,0.8287909652172953,3.116279069767442,45.69767441860465
1027,4.0,18,299.44444444444446,0.9078682363281878,0.7777777777777778,40.0
977,4.0,8,310.25,0.6318879046556038,3.625,40.0
912,4.0,34,287.61764705882354,0.6823717218682168,3.5588235294117645,47.44117647058823
947,4.0,11,332.09090909090907,0.6860868258588818,2.6363636363636362,52.90909090909091
424,3.0,1,256.0,0.4578451071703342,0.0,24.0
485,5.0,1,40.0,0.657031933933458,0.0,38.0
927,4.0,187,327.39572192513367,0.7493111196422477,2.2941176470588234,45.283422459893046
603,3.0,1,347.0,0.6164270194817301,0.0,51.0
1122,4.0,14,379.64285714285717,0.7176397325321913,2.357142857142857,48.785714285714285
996,4.0,75,329.50666666666666,0.7715129428521721,2.4,41.81333333333333
1046,4.0,20,345.0,0.6861445609821036,2.5,44.7
942,4.0,35,329.51428571428573,0.7529597385099462,1.4,45.42857142857143
1051,4.0,34,310.47058823529414,0.8420794620584527,2.2058823529411766,45.794117647058826
115,3.0,1,500.0,0.8476742398971036,0.0,41.0
1053,4.0,34,294.47058823529414,0.8158486216255055,2.264705882352941,42.8235294117647
1013,3.0,7,386.14285714285717,0.6343672916304,1.1428571428571428,36.0
434,3.0,1,285.0,0.7875280616169492,1.0,37.0
178,3.0,1,500.0,0.8792258184438684,0.0,24.0
899,4.0,30,299.06666666666666,0.8088524437813259,1.3,46.43333333333333
914,5.0,2,364.0,0.8054780281579594,0.0,37.5
225,4.0,5,355.0,0.7905503048457054,0.4,42.2
970,4.0,3,377.3333333333333,0.7951568437371894,1.3333333333333333,42.0
398,4.0,1,239.0,0.5284714348607916,2.0,30.0
431,4.0,1,500.0,0.9035659101351357,0.0,19.0
830,4.0,92,330.85869565217394,0.7047944774632124,2.2717391304347827,44.02173913043478
769,4.0,1,183.0,0.8154856583503353,2.0,55.0
888,4.0,3,400.3333333333333,0.64070442398975,2.6666666666666665,48.0
34,5.0,1,483.0,0.6036337359726156,0.0,42.0
921,4.0,30,287.73333333333335,0.5435166497097784,2.5,49.166666666666664
994,4.0,5,301.4,0.8307498534168583,1.0,31.2
481,4.0,5,277.8,0.7250756743988502,2.8,44.4
1054,4.0,25,318.08,0.7168085100108472,1.08,40.24
903,4.0,80,261.2375,0.7973614700870846,3.4125,44.55
857,4.0,53,297.0,0.8205906244675666,2.452830188679245,36.58490566037736
371,1.0,1,168.0,0.24309088339508972,1.0,38.0
898,4.0,23,288.7391304347826,0.7930378670115468,1.0869565217391304,47.73913043478261
1146,4.0,10,329.6,0.7324048745277588,2.8,49.6
206,5.0,1,273.0,0.6862521896099054,2.0,39.0
1092,4.0,187,346.6631016042781,0.7613333326341443,3.7540106951871657,40.79679144385027
1016,3.0,24,340.75,0.7344963613331114,4.0,44.541666666666664
1197,5.0,3,414.0,0.9126518044256665,0.3333333333333333,61.0
793,4.0,1,326.0,0.8029721871389456,0.0,66.0
1009,4.0,70,336.25714285714287,0.8531210265147008,3.9285714285714284,39.871428571428574
321,5.0,1,500.0,0.7951116555828099,5.0,27.0
807,5.0,2,142.5,0.9119556127859758,0.0,41.0
1116,4.0,30,339.56666666666666,0.701737682408092,2.7,44.63333333333333
1097,4.0,12,365.4166666666667,0.8339910483226339,3.9166666666666665,45.916666666666664
164,4.0,2,313.0,0.9212376945708531,0.0,34.5
1044,4.0,37,341.7567567567568,0.8232722238701075,2.8378378378378377,44.432432432432435
63,3.0,1,402.0,0.3788891111056151,0.0,33.0
1079,4.0,53,335.75471698113205,0.6209950625078464,3.4716981132075473,47.60377358490566
896,4.0,19,309.2631578947368,0.8916187307416621,1.7894736842105263,43.05263157894737
911,3.0,3,275.6666666666667,0.4974258540276583,0.3333333333333333,44.333333333333336
1052,4.0,30,388.6333333333333,0.7664080526997172,2.7666666666666666,40.46666666666667
876,4.0,66,307.530303030303,0.7538515815659866,1.9696969696969697,45.333333333333336
870,4.0,40,322.625,0.6758950551698221,2.05,44.45
1102,3.0,4,288.75,0.813761848336259,1.25,37.25
146,4.0,2,178.0,0.7094339280161197,1.0,29.0
129,4.0,8,276.375,0.7279735782110284,0.875,42.375
418,4.0,2,300.5,0.9052329698520731,0.5,47.5
1173,4.0,2,354.0,0.5902445261605489,0.0,51.0
941,4.0,74,290.3243243243243,0.7459946718351278,1.4189189189189189,44.45945945945946
517,5.0,1,292.0,0.71420679860944,0.0,37.0
1100,4.0,49,344.3061224489796,0.8060326098062237,2.7346938775510203,39.83673469387755
132,4.0,3,293.0,0.6116763253608222,0.0,48.0
176,4.0,5,104.2,0.7666697452769864,1.6,41.8
248,4.0,3,404.0,0.6697329577465014,0.0,45.0
1002,4.0,11,309.0,0.7815592871854352,1.6363636363636365,49.27272727272727
930,4.0,6,331.5,0.7013443078997702,2.0,44.0
798,5.0,1,418.0,0.8918592048517839,0.0,37.0
1134,4.0,7,434.0,0.8308842920526237,2.0,52.57142857142857
341,4.0,2,297.0,0.7668170700775097,0.0,48.0
1085,4.0,26,358.11538461538464,0.7350370385783387,2.230769230769231,43.11538461538461
939,5.0,72,338.22222222222223,0.8090255299640762,3.7222222222222223,45.111111111111114
753,5.0,2,349.5,0.9467907593312326,3.5,53.0
14,5.0,1,324.0,0.8893623365667993,0.0,32.0
988,4.0,12,341.25,0.7601137391504905,2.5833333333333335,44.583333333333336
944,4.0,13,296.15384615384613,0.7557890345622578,0.46153846153846156,43.38461538461539
900,4.0,13,389.84615384615387,0.799133689448497,1.0,42.84615384615385
18,1.0,1,306.0,-0.14230976796164968,0.0,42.0
818,4.0,44,286.1136363636364,0.7449993893037938,2.3636363636363638,46.65909090909091
851,5.0,2,288.5,0.8336666162089069,0.5,38.5
659,5.0,1,399.0,0.8849734351752634,0.0,23.0
834,5.0,125,287.696,0.8593711158751586,2.968,44.12
598,3.0,2,246.0,0.785462733888449,3.5,52.0
649,5.0,2,102.0,0.8135442711269181,2.5,40.0
935,4.0,10,364.5,0.5349203486561641,0.8,43.8
282,4.0,33,315.3030303030303,0.8362096940002284,2.0606060606060606,41.96969696969697
52,5.0,2,246.0,0.8928767455973101,0.0,40.5
881,4.0,57,321.82456140350877,0.7083304486808906,3.491228070175439,42.6140350877193
817,4.0,17,332.2352941176471,0.7142325924236151,2.4705882352941178,46.35294117647059
21,5.0,1,316.0,0.8492813151893343,0.0,55.0
732,4.0,1,62.0,0.8171434686562474,0.0,43.0
1123,5.0,25,376.48,0.9156641179652193,2.04,41.52
827,4.0,4,164.5,0.7813760736483633,0.25,40.0
491,5.0,1,296.0,0.9302817870454447,0.0,50.0
997,4.0,7,248.85714285714286,0.6545086726689114,6.428571428571429,47.142857142857146
843,4.0,11,348.1818181818182,0.7348819849193866,3.4545454545454546,38.45454545454545
869,5.0,38,270.55263157894734,0.8462334172734884,2.6315789473684212,43.421052631578945
521,2.0,1,500.0,0.34126967450202433,2.0,32.0
1084,3.0,64,333.78125,0.7183903757252487,2.5625,41.734375
486,4.0,2,447.5,0.6727823706713134,2.0,26.0
788,5.0,1,61.0,0.930304391138341,9.0,53.0
1093,4.0,25,323.0,0.8205333974513739,1.68,43.32
1050,4.0,15,303.6666666666667,0.823604899208688,1.6,46.93333333333333
1004,4.0,21,354.76190476190476,0.8384248760130407,2.619047619047619,46.23809523809524
20,4.0,1,272.0,0.9252435923353591,0.0,34.0
212,5.0,1,292.0,0.46966346890327104,1.0,34.0
1125,4.0,21,399.8095238095238,0.7252063306228125,0.9047619047619048,43.23809523809524
429,3.0,1,499.0,0.8083650268143657,3.0,23.0
573,4.0,9,400.8888888888889,0.6372262158752979,7.333333333333333,39.77777777777778
890,4.0,7,397.57142857142856,0.643370571144703,0.8571428571428571,50.142857142857146
288,5.0,1,205.0,0.9549789499634692,1.0,48.0
1090,4.0,2,405.5,0.5792355646115237,4.5,36.0
999,4.0,31,327.96774193548384,0.7981619042914413,1.2903225806451613,38.645161290322584
302,5.0,1,167.0,0.5821297124392961,0.0,32.0
781,5.0,1,354.0,0.9110457996166477,1.0,35.0
374,4.0,4,374.0,0.8573286124351257,2.25,38.75
505,5.0,2,261.5,0.9023135414645148,0.5,34.5
906,5.0,30,265.6666666666667,0.8706300690428804,0.6333333333333333,42.03333333333333
933,4.0,55,301.8181818181818,0.7799335726460737,1.4181818181818182,44.41818181818182
412,5.0,1,382.0,0.8077035536384644,6.0,34.0
506,5.0,3,355.3333333333333,0.9417484179972129,0.3333333333333333,36.0
546,4.0,1,500.0,0.9372254525772524,0.0,19.0
380,4.0,6,382.8333333333333,0.4867207003421456,3.6666666666666665,37.5
1043,5.0,1,185.0,0.860617859561558,0.0,31.0
787,5.0,1,97.0,0.920293431614039,0.0,35.0
512,5.0,1,224.0,0.6103209566908734,2.0,58.0
422,5.0,3,142.0,0.8660929844152286,0.6666666666666666,44.333333333333336
931,4.0,8,369.25,0.7279587554967974,0.625,41.75
883,4.0,56,284.19642857142856,0.7885480740871665,3.3035714285714284,39.125
458,4.0,1,300.0,0.9831196701237035,5.0,47.0
986,4.0,26,260.96153846153845,0.7376733007051832,8.653846153846153,43.34615384615385
1056,4.0,180,313.77222222222224,0.8209817236076711,2.0166666666666666,44.138888888888886
683,5.0,1,260.0,0.9238952825755196,0.0,33.0
1156,5.0,1,97.0,0.9217531200392275,0.0,35.0
468,5.0,1,500.0,0.7830754349073313,0.0,54.0
1070,4.0,37,342.6216216216216,0.8442258448439148,1.8108108108108107,44.75675675675676
955,4.0,1,88.0,0.8215516121197715,0.0,51.0
797,3.0,1,392.0,0.6574646196546114,2.0,30.0
929,3.0,17,299.47058823529414,0.6730036913946081,3.764705882352941,47.35294117647059
652,3.0,3,380.3333333333333,0.6460590281631996,3.0,52.666666666666664
1147,4.0,10,394.9,0.6507458717496479,2.5,39.7
433,5.0,2,424.5,0.8867015857729234,2.5,39.5
813,4.0,1,177.0,0.7803320929807545,0.0,28.0
950,4.0,9,360.44444444444446,0.6913590099524028,1.1111111111111112,40.333333333333336
1031,4.0,8,216.25,0.8007463390967788,2.0,41.375
965,4.0,37,332.8918918918919,0.785788637014,2.027027027027027,41.83783783783784
547,5.0,2,241.5,0.9497860291679598,7.0,40.0
308,5.0,1,455.0,0.8323118078540449,3.0,35.0
464,5.0,1,401.0,0.7669777865497046,2.0,25.0
1091,4.0,55,383.94545454545454,0.761499284900404,7.763636363636364,44.43636363636364
1195,2.0,2,169.5,0.3507913373497227,0.0,41.5
959,3.0,5,346.2,0.6276450482438563,0.8,41.8
636,3.0,7,318.85714285714283,0.6615523153955145,2.2857142857142856,37.0
232,1.0,1,158.0,0.11200854092126067,5.0,57.0
792,5.0,1,286.0,0.8737084000154967,0.0,29.0
135,5.0,4,277.0,0.9010103177045921,1.5,34.25
932,4.0,7,325.0,0.7668757688928494,3.0,44.285714285714285
1063,4.0,6,350.0,0.8258676798783146,5.5,43.0
460,4.0,14,256.92857142857144,0.8061138115411959,0.5,38.57142857142857
448,5.0,1,449.0,0.8535658080035652,0.0,28.0
257,4.0,7,362.57142857142856,0.7736465163279768,2.142857142857143,50.42857142857143
270,5.0,1,138.0,0.9180802459955689,0.0,41.0
1117,4.0,22,398.0,0.8464719416799883,1.5909090909090908,46.81818181818182
855,4.0,26,302.0769230769231,0.705860329132497,2.1923076923076925,40.23076923076923
121,4.0,6,244.16666666666666,0.9081243279516847,4.833333333333333,43.0
908,5.0,2,268.5,0.9096662055563092,0.5,36.0
648,5.0,1,216.0,0.8319299512392802,3.0,62.0
144,5.0,3,155.0,0.8671959737541913,1.6666666666666667,47.333333333333336
1064,3.0,1,406.0,0.5888097429035922,0.0,46.0
56,5.0,1,341.0,0.4957736355159105,1.0,43.0
1114,5.0,4,365.0,0.8232003185583956,2.5,48.25
173,5.0,1,146.0,0.8028825358192759,0.0,24.0
413,3.0,1,203.0,0.09467501766402969,0.0,61.0
203,4.0,1,164.0,0.7394498256021577,5.0,48.0
889,3.0,2,331.5,0.394007051014473,5.0,47.5
689,5.0,1,54.0,0.7483799652350902,0.0,34.0
107,5.0,6,327.6666666666667,0.9439193627972484,0.5,40.0
1038,4.0,60,319.7,0.8251372622412693,2.1166666666666667,43.7
1109,5.0,12,259.9166666666667,0.8367996804151749,1.5,41.583333333333336
495,2.0,2,367.0,0.6910049897030079,5.0,37.5
801,4.0,2,415.5,0.9054817831955841,0.0,41.5
1187,3.0,2,378.0,0.7081329949056315,3.5,34.5
1014,5.0,2,330.5,0.9620450924215811,1.0,55.5
570,3.0,1,129.0,0.9803625953519532,4.0,56.0
782,4.0,3,310.3333333333333,0.707477320418429,2.0,40.0
1006,3.0,5,329.0,0.6249132441671247,2.8,37.2
963,4.0,4,338.25,0.4261198936085668,2.0,45.0
871,4.0,40,273.7,0.7663646162483204,3.65,43.2
1048,4.0,16,439.9375,0.7486690616148399,1.875,44.625
954,4.0,5,317.2,0.7878681861541392,2.6,42.6
826,4.0,30,303.53333333333336,0.7083300834292122,2.7666666666666666,43.36666666666667
381,4.0,9,359.77777777777777,0.7876510482815342,3.6666666666666665,37.44444444444444
273,1.0,1,325.0,0.6301455334595185,10.0,39.0
306,3.0,2,313.5,0.582553161662049,0.0,40.5
327,3.0,3,500.0,0.6781092286696375,8.333333333333334,46.333333333333336
538,5.0,1,243.0,0.8761585653755555,1.0,50.0
463,5.0,4,166.5,0.9318650928276897,1.25,61.0
363,4.0,3,187.33333333333334,0.7145138779818282,1.0,34.333333333333336
1021,4.0,11,340.09090909090907,0.7962284410670347,0.7272727272727273,44.0
562,2.0,2,147.5,0.1548537247609138,3.0,28.5
334,4.0,2,424.5,0.783405462386304,1.5,51.5
678,5.0,5,298.6,0.8976176069026357,2.8,43.0
978,5.0,1,500.0,0.8931757061110652,1.0,49.0
373,5.0,1,310.0,0.9339187677036992,1.0,51.0
238,5.0,1,108.0,0.9423580022026241,0.0,47.0
404,4.0,3,351.6666666666667,0.7056023942188205,4.666666666666667,34.333333333333336
783,5.0,1,188.0,0.9535536056774165,0.0,37.0
751,3.0,1,438.0,0.634443590821872,0.0,48.0
585,4.0,1,455.0,0.8653802061930448,0.0,44.0
272,5.0,1,324.0,0.9341644310066353,2.0,41.0
1058,2.0,2,455.5,0.6174879800220755,8.5,48.0
1142,3.0,4,293.25,0.6579833834983472,1.5,48.5
1005,5.0,7,359.14285714285717,0.7839864983735414,2.2857142857142856,42.857142857142854
462,4.0,2,326.0,0.4736149187542591,1.0,45.0
974,4.0,46,357.6521739130435,0.7807752866431619,4.543478260869565,43.891304347826086
730,3.0,1,333.0,0.3143312204430171,1.0,32.0
155,5.0,11,279.8181818181818,0.9320461116947686,1.1818181818181819,37.0
705,5.0,4,268.25,0.863149662007356,2.25,33.0
35,5.0,2,185.5,0.8296179221354567,1.0,40.5
410,3.0,1,366.0,0.4467625199762299,0.0,34.0
207,3.0,1,148.0,0.46985288830573096,1.0,37.0
880,4.0,33,247.03030303030303,0.7460013479773122,3.1818181818181817,44.666666666666664
211,4.0,1,243.0,0.8994871161287178,2.0,28.0
1119,4.0,6,379.0,0.7668350779184644,3.8333333333333335,45.333333333333336
690,5.0,1,199.0,0.8191761640864323,2.0,36.0
842,4.0,10,382.4,0.7124712138408573,2.2,42.0
1088,3.0,24,339.5416666666667,0.6406238558411816,2.5416666666666665,39.208333333333336
796,4.0,1,425.0,0.8161527632832777,2.0,26.0
392,5.0,3,424.3333333333333,0.8324122374549371,1.3333333333333333,44.0
916,5.0,26,344.46153846153845,0.7931829702469718,4.076923076923077,44.34615384615385
917,4.0,13,357.0,0.8733338512262485,0.15384615384615385,47.76923076923077
976,3.0,3,303.3333333333333,0.8414780819613051,4.0,45.666666666666664
201,5.0,1,197.0,0.8117175989863641,0.0,24.0
1139,4.0,2,498.0,0.832954618190988,2.5,45.5
1101,4.0,5,404.6,0.7612206406200039,11.8,46.4
525,5.0,1,279.0,0.5175661618228439,0.0,36.0
891,4.0,4,288.75,0.8239567084082084,0.0,35.25
5,5.0,1,211.0,0.9092573079938505,0.0,39.0
609,4.0,1,202.0,0.8646532116480101,0.0,31.0
494,4.0,2,340.5,0.574828668975398,2.5,37.5
138,5.0,1,252.0,0.9478890819884622,5.0,35.0
1202,4.0,9,203.44444444444446,0.6670554983473117,0.4444444444444444,42.0
360,4.0,4,224.0,0.8253267210422945,3.0,44.75
593,4.0,2,500.0,0.7149605096765204,3.0,32.5
938,4.0,14,284.92857142857144,0.769338297400091,2.2142857142857144,46.0
385,4.0,2,308.0,0.6486809553705741,0.5,39.0
246,2.0,1,298.0,0.4867965500240419,1.0,55.0
1144,4.0,2,421.5,0.8199653076357383,1.0,42.5
676,5.0,4,276.5,0.8238164396213851,0.5,38.5
1000,5.0,3,271.3333333333333,0.9398849995573424,2.6666666666666665,38.0
295,3.0,3,476.3333333333333,0.7371191236060031,0.3333333333333333,41.0
973,1.0,2,487.0,0.6045878262681811,9.5,46.5
216,5.0,1,211.0,0.8520576417242073,0.0,37.0
170,4.0,3,461.6666666666667,0.7713653457007535,5.0,57.333333333333336
150,4.0,4,151.0,0.682738006610291,0.75,46.75
1184,4.0,2,134.0,0.877702978535351,0.0,40.5
336,5.0,3,369.3333333333333,0.8690094866133361,8.666666666666666,55.0
124,4.0,5,295.6,0.663989981424109,0.8,46.6
292,5.0,3,119.33333333333333,0.7408459346065405,0.0,41.333333333333336
294,5.0,5,233.8,0.9032784195917765,1.6,41.6
552,4.0,4,392.25,0.853163849296111,6.0,39.25
179,3.0,1,245.0,0.2872629972720559,2.0,29.0
1160,3.0,1,225.0,0.5943265465233339,1.0,50.0
255,4.0,2,406.5,0.7735330016737666,0.0,59.0
688,4.0,3,361.3333333333333,0.47171509676754747,0.0,39.666666666666664
384,5.0,1,354.0,0.8710754039682523,0.0,30.0
313,4.0,1,307.0,0.9008255336436398,9.0,42.0
934,4.0,4,264.25,0.6800124414108523,0.75,54.75
739,4.0,2,389.0,0.9208016823706136,2.5,41.5
251,5.0,9,298.0,0.7928861060939955,3.4444444444444446,41.0
122,5.0,2,222.5,0.8390961865294327,0.0,31.5
191,4.0,2,380.5,0.931313282631659,1.0,30.0
68,5.0,2,214.5,0.7838159413344978,0.0,48.0
615,4.0,1,500.0,0.780794592203011,4.0,41.0
928,4.0,5,401.2,0.667022675872101,1.6,48.6
662,4.0,6,385.6666666666667,0.8092484674953287,4.166666666666667,41.666666666666664
663,4.0,15,229.93333333333334,0.8765804742174509,3.0,40.333333333333336
719,4.0,11,320.6363636363636,0.7870236970707062,4.454545454545454,49.09090909090909
13,4.0,1,500.0,0.6696413016788983,0.0,39.0
324,5.0,1,329.0,0.8130160804808616,3.0,58.0
641,4.0,8,308.625,0.6298103132232973,4.5,49.375
1199,4.0,1,422.0,0.9387450964501476,0.0,31.0
926,4.0,9,332.22222222222223,0.736976144766846,2.0,50.44444444444444
366,5.0,1,259.0,0.9683232560843259,3.0,38.0
645,5.0,3,204.66666666666666,0.9561117114204963,2.0,43.666666666666664
114,3.0,1,455.0,0.4991918306200857,10.0,33.0
1041,4.0,2,394.5,0.8327624001910544,3.0,37.5
340,5.0,1,408.0,0.8944864959319915,7.0,51.0
1023,3.0,1,473.0,0.9342572720716564,2.0,57.0
1130,5.0,1,461.0,0.9128230315393444,3.0,80.0
800,4.0,2,277.0,0.9126959695414527,0.5,38.0
409,4.0,1,225.0,0.6665999434265014,6.0,31.0
183,3.0,4,317.5,0.5150051590624579,4.5,38.5
918,5.0,16,385.8125,0.7676996277443326,2.125,46.5
118,1.0,1,66.0,0.8486163042461754,0.0,52.0
1177,4.0,2,319.5,0.6796687054759531,1.0,31.0
151,4.0,1,500.0,0.84347288371129,2.0,49.0
766,3.0,1,208.0,0.736151343835859,0.0,66.0
874,5.0,1,193.0,0.9317820545982404,2.0,76.0
894,3.0,1,192.0,0.4748481534487429,1.0,41.0
715,5.0,4,227.75,0.8729624924075328,0.5,31.5
338,5.0,1,237.0,0.8071893243641446,0.0,46.0
30,4.0,1,84.0,0.7423884544140524,0.0,36.0
502,4.0,1,481.0,0.6991956660174402,3.0,20.0
439,5.0,3,428.6666666666667,0.8637924711973386,9.0,45.666666666666664
116,3.0,4,256.75,0.5549499658094103,6.25,46.25
968,4.0,6,303.5,0.8480601620119668,0.0,45.666666666666664
105,5.0,1,338.0,0.7981161128606805,0.0,48.0
747,5.0,1,500.0,0.7985116966569837,1.0,52.0
549,5.0,1,500.0,0.8638512992101482,0.0,44.0
816,4.0,8,256.75,0.7568587472598527,0.875,48.625
465,4.0,1,331.0,0.7839201525610854,1.0,23.0
1166,5.0,1,82.0,0.929232380941634,1.0,26.0
475,5.0,1,335.0,0.6280909947572733,0.0,34.0
405,3.0,1,155.0,0.9477821148329403,2.0,36.0
189,5.0,2,470.5,0.7550568084446156,2.0,35.0
635,2.0,5,253.8,0.6124259841506005,1.4,40.6
346,4.0,1,245.0,0.8822148984012252,1.0,41.0
88,4.0,1,304.0,0.9156320255733041,0.0,42.0
516,4.0,2,380.5,0.8629503765798576,5.5,37.5
137,5.0,1,123.0,0.9072833066967054,0.0,30.0
956,5.0,5,230.2,0.8988661929364394,1.2,46.4
478,4.0,3,280.0,0.9612439059443005,1.3333333333333333,32.333333333333336
1118,5.0,4,210.0,0.9131379576838605,1.25,58.0
396,4.0,2,298.0,0.8002759696644521,0.0,37.0
612,5.0,1,155.0,0.8934117603699941,4.0,70.0
998,4.0,7,303.85714285714283,0.6373342737101041,1.0,46.57142857142857
406,4.0,4,268.0,0.771732836410272,3.5,33.75
920,4.0,6,262.1666666666667,0.7524411436778351,0.8333333333333334,34.5
472,5.0,4,254.0,0.9085869410063886,2.0,41.5
47,4.0,1,271.0,0.8544677485015308,0.0,31.0
323,3.0,1,181.0,0.8974442288405721,3.0,54.0
790,5.0,1,124.0,0.8579344778054259,5.0,53.0
427,5.0,1,500.0,0.7257408987806158,2.0,35.0
177,5.0,3,129.33333333333334,0.9327339794786772,2.6666666666666665,50.333333333333336
627,4.0,1,500.0,0.527652447447907,1.0,45.0
365,5.0,2,499.5,0.8009057927471663,5.5,61.0
435,5.0,3,252.66666666666666,0.8377908206106519,1.0,37.333333333333336
70,5.0,1,146.0,0.9638477079710073,0.0,41.0
17,5.0,1,251.0,0.8876446455135265,0.0,31.0
1096,4.0,69,380.9855072463768,0.6981452656699505,4.478260869565218,43.57971014492754
113,4.0,1,500.0,0.9101532071402783,3.0,54.0
134,5.0,2,300.0,0.9492401382983879,0.0,45.5
205,5.0,1,181.0,0.9588281171467066,0.0,36.0
510,4.0,2,380.5,0.7654690134422159,5.5,44.5
1152,2.0,1,162.0,0.45117902516999775,4.0,35.0
407,4.0,3,477.6666666666667,0.6505085516935921,7.666666666666667,30.0
397,4.0,2,270.5,0.6979861483750405,0.5,31.0
991,4.0,5,315.0,0.5262242110431812,1.2,40.6
247,5.0,1,263.0,0.830104672577302,2.0,28.0
774,4.0,16,298.625,0.8586759088298331,3.4375,43.0
260,5.0,12,250.58333333333334,0.9019390845016577,1.1666666666666667,39.916666666666664
243,5.0,4,353.25,0.9023343011816308,0.25,35.5
1174,5.0,2,323.5,0.8819861999274567,0.5,41.5
279,4.0,6,240.66666666666666,0.7194507134943059,2.8333333333333335,43.333333333333336
1151,4.0,8,426.0,0.7759150794944389,2.25,36.0
554,5.0,1,500.0,0.6989451665228482,0.0,48.0
348,1.0,1,138.0,0.2398207226025863,6.0,28.0
359,5.0,1,213.0,0.8792125558123304,1.0,24.0
846,5.0,2,275.5,0.8321675455136797,2.0,49.5
283,5.0,2,191.0,0.7031735601381823,3.0,41.0
725,3.0,1,385.0,0.8177729394233045,0.0,53.0
83,5.0,1,500.0,0.7706649697189656,0.0,27.0
785,2.0,1,502.0,0.6129209049235368,0.0,66.0
951,3.0,2,421.5,0.20604939250401902,2.0,44.0
760,5.0,2,147.0,0.6713460898218233,0.0,56.0
971,3.0,5,324.8,0.6455780499383919,1.4,39.4
61,5.0,1,495.0,0.8977727174582748,0.0,36.0
1189,4.0,3,256.3333333333333,0.8939650228180258,2.6666666666666665,37.666666666666664
38,5.0,2,304.5,0.6728669584159563,0.0,37.0
265,4.0,1,290.0,0.9083047255711058,0.0,32.0
622,4.0,7,288.42857142857144,0.8748757207542933,2.5714285714285716,32.142857142857146
133,5.0,2,205.0,0.9313402050664906,1.0,46.5
1176,1.0,1,174.0,0.45038207341394787,4.0,46.0
318,4.0,2,321.5,0.6022297898154999,0.0,45.0
799,5.0,1,500.0,0.8800989751713053,8.0,64.0
885,3.0,2,276.5,0.32363613708484773,0.0,35.0
162,4.0,2,368.0,0.8083076256285886,1.5,39.0
879,4.0,45,233.93333333333334,0.7216765197860399,2.111111111111111,41.06666666666667
1148,5.0,3,260.3333333333333,0.9197553085711293,0.3333333333333333,46.666666666666664
764,3.0,1,381.0,0.6871410156693469,0.0,48.0
545,5.0,1,500.0,0.7171237079281617,3.0,73.0
1135,5.0,10,366.0,0.8043281356029468,2.3,46.7
261,5.0,1,494.0,0.9314539498626684,3.0,63.0
741,4.0,2,186.0,0.6641666113421436,0.5,38.0
583,5.0,5,322.8,0.9001746573698662,5.2,40.8
961,4.0,6,341.6666666666667,0.689559548156154,1.8333333333333333,46.5
794,4.0,2,266.5,0.723687513614224,0.5,46.0
588,2.0,3,229.0,0.38121647783602564,0.0,43.333333333333336
1062,5.0,7,371.0,0.8263935071248218,3.2857142857142856,37.42857142857143
990,4.0,6,293.5,0.7940853446047371,1.1666666666666667,46.5
589,5.0,1,469.0,0.8877371823064525,8.0,35.0
960,5.0,23,295.0,0.8365934544826696,2.391304347826087,40.69565217391305
1171,5.0,2,77.0,0.846637577914203,0.5,28.0
498,5.0,4,370.5,0.8706086992619539,3.0,44.5
560,5.0,1,500.0,0.8289451968306417,3.0,45.0
376,4.0,2,260.5,0.4774029671740756,4.5,44.5
147,5.0,2,404.5,0.6563736636709161,5.5,47.0
86,4.0,1,75.0,0.5110097804495607,0.0,48.0
264,5.0,1,295.0,0.8788608810317777,0.0,29.0
131,4.0,5,349.4,0.5996522468178885,1.2,36.8
592,4.0,3,363.6666666666667,0.8668204856846945,0.6666666666666666,45.333333333333336
626,4.0,2,334.5,0.43729069194115744,2.5,36.0
148,5.0,3,184.0,0.7537983998319252,7.0,50.333333333333336
619,3.0,5,406.6,0.5761532683353796,3.4,36.6
1039,3.0,7,319.42857142857144,0.5399872057263396,2.857142857142857,43.142857142857146
254,4.0,8,239.75,0.7553690158161388,1.875,40.125
574,2.0,2,124.0,0.18847839437338082,1.5,43.0
157,5.0,3,290.0,0.9241564430480335,0.3333333333333333,48.0
632,5.0,2,401.0,0.97061359035632,4.0,47.5
456,5.0,3,404.6666666666667,0.8465625404667153,2.0,56.0
1067,5.0,1,144.0,0.8781575362322999,2.0,41.0
704,5.0,1,337.0,0.6669207580588,1.0,35.0
209,5.0,1,316.0,0.7982145436557242,0.0,25.0
904,4.0,9,375.22222222222223,0.6779875936568873,2.5555555555555554,45.333333333333336
315,5.0,1,500.0,0.8298481902840011,0.0,43.0
22,5.0,1,110.0,0.8635945605181656,0.0,30.0
125,3.0,2,307.5,0.5247992216522215,0.0,34.5
437,5.0,3,355.6666666666667,0.9449357691240298,2.3333333333333335,41.0
119,5.0,1,95.0,0.944688671113838,0.0,30.0
759,1.0,1,129.0,-0.23044641603285831,0.0,66.0
172,4.0,8,273.875,0.7648441731298492,1.0,37.125
1107,4.0,22,360.27272727272725,0.7439433870674005,3.8636363636363638,44.81818181818182
12,5.0,1,350.0,0.9412846161271957,0.0,28.0
356,5.0,1,72.0,0.9372761424208789,0.0,27.0
664,4.0,2,199.5,0.9212820638545964,2.0,47.0
403,4.0,2,261.5,0.9164652614439435,1.0,39.5
791,5.0,1,165.0,0.9604298399677327,4.0,53.0
628,5.0,1,500.0,0.9707893945570912,2.0,60.0
90,4.0,10,275.0,0.8090706120058151,0.5,45.3
208,5.0,1,295.0,0.9572647701060585,6.0,31.0
575,5.0,1,500.0,0.4821438051378742,3.0,25.0
111,5.0,1,500.0,0.6782646453991809,0.0,35.0
375,5.0,16,289.0625,0.7967654653501491,3.5625,46.0625
558,5.0,3,200.66666666666666,0.892346840997163,0.3333333333333333,29.0
731,4.0,1,108.0,0.8187954776150488,1.0,46.0
572,2.0,2,251.5,0.2010208697400537,7.0,41.5
701,3.0,1,275.0,0.2846838284625912,5.0,32.0
141,5.0,1,63.0,0.9559637913697994,0.0,26.0
667,5.0,6,263.6666666666667,0.8785383942887673,0.16666666666666666,33.833333333333336
983,4.0,6,200.66666666666666,0.7605251427449625,0.0,41.333333333333336
901,5.0,8,308.375,0.9237739290543545,2.0,54.625
682,4.0,1,500.0,0.19444223165307267,3.0,61.0
693,2.0,1,254.0,0.82730984870869,0.0,51.0
695,4.0,1,104.0,0.8340561898406078,1.0,32.0
518,4.0,1,79.0,0.6256152356843779,0.0,25.0
1138,4.0,2,500.0,0.7950960236956166,4.0,35.5
333,4.0,3,269.0,0.9301760631856778,1.0,44.0
1045,3.0,5,289.6,0.6479261728159166,0.8,43.0
196,5.0,4,212.5,0.9204692114889691,1.0,50.5
78,4.0,1,224.0,0.9304822062628405,0.0,43.0
79,5.0,1,500.0,0.5702933903294365,0.0,54.0
473,4.0,2,172.5,0.858255688180928,0.0,36.0
804,4.0,2,349.5,0.8950304411993846,0.5,55.5
602,4.0,7,278.2857142857143,0.8114780538407942,2.7142857142857144,46.42857142857143
303,5.0,1,293.0,0.6723623875374793,1.0,51.0
776,5.0,1,98.0,0.904151727626798,0.0,56.0
734,3.0,1,97.0,0.7712140519748625,0.0,39.0
501,5.0,2,168.5,0.8744833789208686,0.0,53.0
711,5.0,1,481.0,0.6566730177017456,1.0,61.0
629,3.0,1,500.0,0.7994590282908399,3.0,53.0
519,5.0,1,335.0,0.7319023856479367,0.0,37.0
563,5.0,2,497.5,0.8608023480125786,4.0,54.5
287,4.0,4,253.5,0.8245749727089015,0.5,47.5
91,1.0,1,500.0,-0.02820382033979474,12.0,27.0
186,5.0,1,194.0,0.9744688840722244,0.0,39.0
301,4.0,4,434.25,0.7363459697092256,2.0,38.5
110,3.0,1,499.0,-0.23559270280643052,0.0,64.0
112,4.0,2,153.0,0.9459657928947627,0.0,67.5
377,4.0,7,297.85714285714283,0.8245634819189067,3.2857142857142856,40.285714285714285
488,4.0,1,454.0,0.7428915391257263,0.0,43.0
258,5.0,1,162.0,0.8493180100984933,0.0,46.0
509,4.0,4,293.75,0.7320363958052625,2.25,49.5
569,2.0,4,411.25,0.07187579089296812,4.75,53.0
471,5.0,1,500.0,0.7199625826238231,0.0,54.0
1012,4.0,2,289.5,0.9175840248251321,3.5,54.5
45,4.0,1,212.0,0.8800458467631769,0.0,26.0
267,3.0,1,361.0,0.6145099597022925,2.0,48.0
1170,3.0,1,195.0,0.7040958462383781,0.0,34.0
48,5.0,1,335.0,0.8745955857795615,0.0,33.0
605,5.0,1,305.0,0.7861916473606917,6.0,36.0
1108,4.0,4,267.5,0.7591052015497675,2.75,41.25
175,3.0,1,273.0,0.8519812297426891,0.0,30.0
646,5.0,1,307.0,0.8538937640706568,0.0,41.0
104,2.0,1,174.0,0.47122947428902423,0.0,56.0
752,4.0,2,97.5,0.6428748977255814,0.0,47.5
728,5.0,1,136.0,0.8929730778197151,0.0,59.0
370,5.0,2,273.5,0.8120833089260941,3.0,39.0
28,5.0,1,234.0,0.8472973474471158,0.0,29.0
1057,4.0,2,321.5,0.651894434919201,4.5,50.0
762,5.0,1,350.0,0.990509302371991,3.0,35.0
210,2.0,1,146.0,0.795535710984556,2.0,46.0
304,5.0,1,257.0,0.9325281351222062,0.0,34.0
215,5.0,9,360.3333333333333,0.8511209497004741,2.2222222222222223,38.0
423,4.0,1,462.0,0.716553999805142,0.0,37.0
703,5.0,1,452.0,0.8900860608748774,5.0,44.0
555,4.0,2,409.5,0.7643419335268085,9.0,34.0
625,3.0,2,381.5,0.8528296942136888,0.0,41.5
300,4.0,12,284.5,0.8921577996959241,5.083333333333333,40.25
74,4.0,1,427.0,0.5797309247906834,1.0,25.0
733,5.0,4,453.25,0.9345854824361219,1.5,42.75
540,4.0,1,500.0,0.7678649886789671,0.0,64.0
444,4.0,2,388.0,0.8081802081479461,2.0,29.0
736,4.0,1,197.0,0.4517716577113225,0.0,38.0
103,4.0,1,241.0,0.7047543239952467,1.0,52.0
661,3.0,3,264.0,0.7060916938566534,3.0,43.666666666666664
808,5.0,1,90.0,0.9748758929315915,1.0,52.0
1192,4.0,2,364.5,0.8986401468955476,0.0,52.5
347,5.0,1,384.0,0.8039219438118956,0.0,29.0
98,5.0,1,180.0,0.7311452678537995,0.0,32.0
167,5.0,5,389.4,0.9411177808264275,1.0,39.8
263,4.0,1,500.0,0.709417123185165,0.0,23.0
1040,5.0,1,144.0,0.9500513305167928,0.0,38.0
710,4.0,2,360.5,0.6583746659877995,2.0,47.5
789,5.0,1,149.0,0.8047874772755783,5.0,53.0
980,4.0,5,278.4,0.699775209142492,4.2,35.2
803,4.0,2,289.0,0.8524970900064199,1.5,35.0
393,5.0,1,82.0,0.929232380941634,0.0,26.0
1153,4.0,5,446.6,0.6428389785992744,3.0,45.8
811,5.0,2,385.5,0.8877511600935462,0.0,49.0
10,4.0,1,108.0,0.9790849176915926,0.0,38.0
253,4.0,3,346.0,0.8623873424638958,2.6666666666666665,38.333333333333336
1168,5.0,1,111.0,0.9058893181330754,0.0,26.0
611,5.0,9,248.22222222222223,0.8875506444300645,0.8888888888888888,43.44444444444444
1124,5.0,1,378.0,0.9549713474536973,0.0,50.0
436,5.0,1,297.0,0.9164003167458222,2.0,49.0
280,3.0,1,407.0,0.7583555707642607,3.0,26.0
806,2.0,2,258.5,0.6646143464139149,0.0,46.0
500,4.0,1,464.0,0.6916087074411429,3.0,50.0
669,1.0,1,499.0,0.6571740136093288,6.0,21.0
281,4.0,3,432.0,0.5430709692699992,1.3333333333333333,44.666666666666664
420,4.0,4,400.25,0.8213058654707476,8.25,57.5
128,4.0,6,284.5,0.7650889074561992,0.16666666666666666,43.166666666666664
757,3.0,3,197.0,0.6668490482025096,0.6666666666666666,30.333333333333332
343,4.0,4,179.0,0.8158850734552849,2.25,50.75
621,5.0,10,471.6,0.791810645349438,2.7,43.8
25,5.0,1,188.0,0.8861603871758094,0.0,38.0
654,4.0,1,290.0,0.9508390080635288,2.0,46.0
93,3.0,2,240.5,0.5360627969068603,0.0,31.5
686,5.0,1,245.0,0.9187591307762035,0.0,28.0
534,4.0,2,308.0,0.7439826702707906,1.5,34.5
180,3.0,1,323.0,0.845948536395646,0.0,38.0
606,4.0,3,284.6666666666667,0.9172200314869389,2.3333333333333335,43.0
1129,4.0,5,358.2,0.6381527181025411,0.4,37.4
761,4.0,2,285.0,0.955011361556972,2.0,47.0
848,4.0,2,222.5,0.7503374805978222,1.5,51.0
185,2.0,1,207.0,0.5306514857410309,1.0,36.0
402,4.0,2,327.0,0.8932077700437876,7.0,35.0
139,4.0,2,232.5,0.8853609215873934,0.0,37.0
1073,2.0,1,500.0,0.632128503980724,7.0,37.0
677,4.0,2,500.0,0.8880912164063383,1.5,50.0
432,1.0,1,500.0,0.7920933657202701,2.0,47.0
174,3.0,1,427.0,0.5240349589942386,0.0,52.0
581,5.0,1,500.0,0.9024180489728602,3.0,35.0
713,4.0,4,362.25,0.8375351460088692,3.0,43.5
1158,2.0,1,58.0,0.8135099893490005,0.0,39.0
378,5.0,5,365.4,0.8215149111231661,2.8,41.4
480,5.0,3,224.33333333333334,0.8200752466168545,1.3333333333333333,47.0
109,5.0,4,264.5,0.79718030505628,0.5,49.25
642,5.0,4,264.25,0.8384070786521364,3.0,38.75
40,4.0,3,336.3333333333333,0.8994916446730556,0.3333333333333333,39.333333333333336
1112,5.0,9,388.1111111111111,0.7507889605045409,0.6666666666666666,41.55555555555556
1162,5.0,1,351.0,0.9596453276431622,0.0,41.0
564,5.0,1,149.0,0.8549318122806631,4.0,53.0
758,1.0,1,80.0,0.500731480290159,0.0,61.0
740,4.0,1,499.0,0.9395292266604295,6.0,36.0
441,5.0,2,175.0,0.8911993912856354,0.0,44.0
332,5.0,8,269.125,0.8321043024382884,1.875,40.5
882,4.0,7,241.0,0.8106175500746166,3.2857142857142856,49.857142857142854
82,4.0,2,266.0,0.8351386465014836,0.0,66.5
349,5.0,1,454.0,0.9313343155639936,3.0,49.0
194,5.0,11,312.54545454545456,0.8663644990299175,2.909090909090909,39.72727272727273
466,4.0,1,499.0,0.7420669096749122,0.0,23.0
382,5.0,9,425.1111111111111,0.7909746741890479,1.2222222222222223,32.22222222222222
445,4.0,1,296.0,0.9372816771941941,3.0,33.0
220,2.0,2,370.0,0.5073262384848938,0.5,40.5
1127,2.0,1,413.0,0.6439124660160356,10.0,29.0
644,3.0,3,237.33333333333334,0.7506614780475455,0.0,47.0
1200,3.0,1,381.0,0.628241627364367,0.0,24.0
897,4.0,9,356.6666666666667,0.790267335875293,0.2222222222222222,39.333333333333336
187,4.0,3,172.0,0.8794414861463009,0.6666666666666666,32.0
1136,4.0,1,438.0,0.9635517548649087,0.0,39.0
750,5.0,1,500.0,0.7026440417532016,1.0,47.0
394,5.0,4,279.75,0.8751029046674492,2.5,38.0
362,5.0,2,372.0,0.9348942437925578,1.5,45.5
65,5.0,1,114.0,0.9125448558023921,0.0,33.0
557,5.0,1,111.0,0.9272714623801052,3.0,39.0
395,5.0,8,320.25,0.8405283202150919,2.25,43.125
577,3.0,3,282.0,0.6640520304010201,1.6666666666666667,54.0
249,4.0,4,283.75,0.9126425372561755,0.25,45.75
27,5.0,1,114.0,0.7642301592178244,0.0,28.0
578,4.0,1,110.0,0.7056059843908353,0.0,34.0
737,4.0,2,363.5,0.7379906230573565,0.0,39.5
11,2.0,1,241.0,0.6314013252485255,0.0,46.0
85,5.0,1,500.0,0.9486152081372498,0.0,46.0
503,5.0,1,218.0,0.8719975509477275,1.0,27.0
193,4.0,8,317.125,0.8310884408407437,2.875,40.625
256,4.0,3,305.0,0.8308787525265332,2.0,52.0
482,4.0,10,307.7,0.5020097860406659,3.7,43.6
579,5.0,4,368.5,0.872804173496933,3.0,38.25
100,4.0,1,166.0,0.8829545446333791,3.0,44.0
597,5.0,1,173.0,0.8700429669876656,1.0,35.0
953,5.0,1,326.0,0.5936238901481986,0.0,61.0
925,5.0,1,500.0,0.9294706816600622,5.0,66.0
981,4.0,5,302.6,0.7695192484582438,4.0,44.8
513,5.0,1,439.0,0.7842226363445249,1.0,27.0
672,5.0,1,115.0,0.9067106682178669,0.0,48.0
1178,4.0,1,500.0,0.7938079879384832,1.0,34.0
328,5.0,1,131.0,0.8596177803687045,0.0,48.0
601,5.0,1,267.0,0.8484497416145989,0.0,46.0
94,3.0,1,500.0,0.10862094321571908,32.0,38.0
233,3.0,1,264.0,0.6955099517871599,0.0,67.0
727,3.0,1,198.0,0.5490563994979376,1.0,36.0
390,4.0,3,338.3333333333333,0.6937477752007449,2.3333333333333335,31.333333333333332
763,5.0,2,501.5,0.8100438728850186,0.5,61.5
108,5.0,1,226.0,0.965740128056963,0.0,29.0
268,5.0,2,270.0,0.8310794017392656,6.0,46.0
358,5.0,1,256.0,0.6160708626519443,1.0,29.0
887,3.0,1,500.0,0.7797962463946302,0.0,46.0
568,5.0,1,500.0,0.9889918203948572,3.0,44.0
584,5.0,1,211.0,0.34098359104367115,0.0,36.0
1181,5.0,1,187.0,0.9898727185534091,1.0,33.0
344,4.0,1,175.0,0.6913467365603962,0.0,34.0
364,4.0,9,274.55555555555554,0.6705023982568498,1.3333333333333333,46.0
541,5.0,1,423.0,0.9353569982601229,2.0,35.0
729,5.0,2,198.0,0.789392318425119,2.0,34.5
123,5.0,9,189.22222222222223,0.8129159989583772,0.6666666666666666,42.55555555555556
331,4.0,3,337.3333333333333,0.724558447354772,0.6666666666666666,52.0
671,5.0,1,72.0,0.6234902608720606,0.0,48.0
454,5.0,1,340.0,0.9580048382144742,0.0,30.0
919,5.0,3,455.0,0.8740236291521187,4.0,41.333333333333336
142,3.0,4,284.0,0.6547367210124122,0.25,43.25
73,5.0,1,175.0,0.5140175920915931,0.0,35.0
145,5.0,2,273.0,0.815926477346476,5.5,53.5
591,5.0,1,182.0,0.902847564176388,0.0,48.0
417,5.0,10,334.7,0.828237292906082,0.9,44.9
62,3.0,1,51.0,0.9675905788007121,0.0,38.0
425,4.0,1,353.0,0.5484697171796125,1.0,56.0
26,4.0,1,367.0,0.8979634017300229,0.0,34.0
8,4.0,7,317.0,0.6778227705422423,0.2857142857142857,44.142857142857146
989,4.0,1,368.0,0.9013732990677943,3.0,27.0
401,5.0,1,499.0,0.7928858159510368,1.0,23.0
571,4.0,2,336.0,0.9461354929788217,2.5,41.0
37,5.0,2,141.5,0.7813906612803792,1.5,34.0
528,4.0,8,406.5,0.7782048397590663,0.75,45.375
1183,5.0,1,375.0,0.8763957324705997,3.0,35.0
229,2.0,10,355.7,0.6191940208956803,2.3,44.8
226,4.0,3,311.6666666666667,0.4812515820330945,1.0,44.666666666666664
821,4.0,5,242.2,0.8740880930915689,0.0,43.6
130,5.0,1,220.0,0.9417819468153282,0.0,39.0
223,4.0,2,183.0,0.8507499641125912,0.5,48.5
1205,5.0,1,183.0,0.939597154256295,0.0,34.0
447,5.0,1,353.0,0.940742884965005,1.0,47.0
446,4.0,2,269.5,0.9244567836206651,0.0,29.5
524,4.0,2,381.0,0.8772145780875918,2.5,39.0
653,2.0,1,196.0,0.2763879226959996,1.0,34.0
623,4.0,3,216.66666666666666,0.9208805240972167,2.0,32.333333333333336
236,2.0,1,315.0,0.5190780690831601,0.0,40.0
293,5.0,2,291.0,0.7972898685060861,0.0,37.5
551,5.0,2,500.0,0.9620775499684626,1.5,60.0
696,4.0,2,266.5,0.724418530657958,1.5,38.0
276,5.0,1,295.0,0.8596574223761827,0.0,36.0
389,2.0,2,497.5,0.7062269174942334,1.5,45.5
320,4.0,2,237.5,0.920957761423673,1.0,32.5
1113,5.0,1,80.0,0.9767072693047384,1.0,63.0
450,2.0,2,457.0,0.7468529749196958,7.0,35.5
29,5.0,1,262.0,0.355003544033799,0.0,26.0
515,5.0,1,234.0,0.9798311059047256,0.0,61.0
616,4.0,4,272.5,0.8502646845656355,4.5,43.25
1191,4.0,1,336.0,0.5765618589739185,0.0,59.0
1179,4.0,1,500.0,0.8890911929370393,0.0,46.0
714,5.0,1,266.0,0.7851539124988236,2.0,25.0
58,5.0,1,375.0,0.495392920848428,2.0,41.0
240,5.0,6,365.0,0.754447475978405,4.0,35.166666666666664
66,4.0,1,118.0,0.7454700750447802,0.0,30.0
679,4.0,1,123.0,0.5998338926875049,0.0,52.0
159,3.0,1,484.0,0.8491937144843429,0.0,63.0
278,5.0,11,216.1818181818182,0.8957321449190645,0.45454545454545453,41.27272727272727
419,5.0,4,298.25,0.8858072655500107,1.5,44.0
286,5.0,1,485.0,0.9503893712422474,1.0,40.0
43,5.0,1,145.0,0.7337951314757561,0.0,31.0
339,5.0,1,500.0,0.8823568852236692,2.0,52.0
504,5.0,5,169.0,0.8798412976792257,0.4,40.2
76,5.0,1,90.0,0.9222076775449676,0.0,65.0
765,3.0,1,188.0,0.7840015348850091,1.0,29.0
19,4.0,1,249.0,0.8657929341394595,0.0,21.0
617,5.0,3,500.0,0.48475110891673784,2.6666666666666665,39.333333333333336
391,4.0,6,417.6666666666667,0.7589610874755297,3.3333333333333335,32.0
81,5.0,1,173.0,0.7923586474174665,0.0,29.0
650,5.0,2,280.0,0.8200787183129764,0.0,38.5
192,2.0,1,268.0,0.0061543097309988415,0.0,44.0
33,4.0,1,500.0,0.8060982708930269,0.0,19.0
812,1.0,1,298.0,0.4622216979198237,0.0,25.0
350,3.0,6,315.6666666666667,0.8133468435811945,3.5,42.0
290,5.0,8,354.875,0.7674392322387996,4.625,45.0
325,5.0,1,105.0,0.8926268726261142,0.0,69.0
607,4.0,3,150.66666666666666,0.5793875507132598,1.0,39.333333333333336
231,5.0,1,124.0,0.8677912856465688,0.0,57.0
361,5.0,1,277.0,0.955879134185264,0.0,22.0
1106,5.0,4,414.75,0.7910890414355106,1.5,41.5
595,5.0,2,230.0,0.8228367538185258,0.5,46.0
1150,4.0,20,390.35,0.8249500955844867,4.75,45.65
1132,5.0,3,234.0,0.898032402866287,3.6666666666666665,47.333333333333336
660,5.0,1,424.0,0.7689846741830941,0.0,23.0
440,5.0,4,351.5,0.930329583772042,4.75,52.25
222,5.0,1,500.0,0.9255710502193871,3.0,24.0
297,5.0,1,64.0,0.9432037228963818,2.0,33.0
892,5.0,2,349.5,0.8885259509949275,0.0,33.0
24,4.0,6,432.8333333333333,0.5472631791656833,0.0,36.333333333333336
712,4.0,1,316.0,0.8737887374228154,0.0,66.0
809,5.0,1,300.0,0.8966214445995401,0.0,52.0
1034,4.0,4,322.0,0.7647624657566477,1.5,53.0
604,5.0,3,267.3333333333333,0.8558860252206423,2.0,34.666666666666664
586,3.0,2,336.5,0.8620789705099772,2.0,58.0
44,5.0,1,133.0,0.710435035368596,0.0,29.0
309,5.0,1,500.0,0.3448022350866557,2.0,35.0
723,3.0,1,471.0,0.46217406052445364,16.0,59.0
101,5.0,1,81.0,0.7562952509422751,0.0,79.0
163,5.0,1,500.0,0.7357296365273029,17.0,35.0
161,5.0,1,481.0,0.9162779867592398,1.0,36.0
755,5.0,2,427.5,0.9382700794639225,0.0,34.5
779,5.0,1,171.0,0.9554913155452195,0.0,58.0
550,5.0,1,500.0,0.629238864834881,0.0,62.0
156,5.0,2,124.5,0.8945531673435394,0.0,37.5
1069,5.0,1,502.0,0.8876262986827224,0.0,46.0
99,2.0,1,193.0,0.9106496938067323,1.0,44.0
188,5.0,1,116.0,0.8783039244133743,1.0,63.0
140,4.0,1,499.0,0.9395392738329097,1.0,34.0
674,5.0,14,337.07142857142856,0.8745653069579242,2.0714285714285716,49.857142857142854
202,5.0,1,219.0,0.9105532203629674,0.0,60.0
69,5.0,1,348.0,0.9024127187875606,0.0,34.0
673,3.0,1,113.0,0.31938563122866936,1.0,38.0
42,5.0,2,131.5,0.7753834436688869,1.0,24.0
810,5.0,1,89.0,0.7309022540249166,2.0,38.0
182,5.0,1,308.0,0.7707326406683319,6.0,20.0
467,5.0,1,500.0,0.7179605308149614,0.0,54.0
326,4.0,3,277.3333333333333,0.7189238996039157,3.6666666666666665,37.0
905,4.0,14,256.85714285714283,0.8257049261058105,3.7142857142857144,45.5
452,5.0,2,252.0,0.7226884171045305,6.0,52.5
39,5.0,2,386.0,0.8794956681059614,1.0,28.5
1121,4.0,47,392.72340425531917,0.6622445713368925,6.25531914893617,40.638297872340424
1071,4.0,2,255.0,0.8753317570169388,2.5,55.0
426,4.0,1,204.0,0.6905695602476207,0.0,29.0
453,3.0,4,429.5,0.9156255603947533,4.0,37.0
1149,5.0,3,417.6666666666667,0.8737067221058606,1.3333333333333333,35.666666666666664
443,4.0,1,499.0,0.7357958972152865,2.0,32.0
542,4.0,2,499.0,0.7032761988357615,1.5,32.0
195,5.0,1,113.0,0.9490648918196197,0.0,48.0
1190,5.0,3,214.0,0.9195133912195491,1.0,40.666666666666664
556,4.0,1,201.0,0.9142544888970044,1.0,46.0
9,4.0,1,137.0,0.9521013040582011,0.0,34.0
770,5.0,1,187.0,0.9090457594692387,3.0,49.0
353,5.0,1,37.0,0.7812607687459555,0.0,54.0
559,2.0,1,166.0,0.49113321734209925,14.0,73.0
982,2.0,1,341.0,0.8835803547773282,2.0,26.0
383,4.0,5,369.8,0.8600730366414732,1.0,39.6
780,4.0,3,347.3333333333333,0.7965607807949356,1.0,47.666666666666664
1198,4.0,2,341.0,0.8960390820089221,0.0,46.5
1157,5.0,1,111.0,0.9324797888526561,1.0,23.0
590,5.0,1,499.0,0.9145075163733751,4.0,60.0
849,4.0,1,500.0,0.8332295587857876,1.0,26.0
479,4.0,8,320.375,0.9054556619963725,1.75,43.75
535,3.0,3,254.33333333333334,0.7898960926651006,7.666666666666667,31.333333333333332
237,4.0,2,91.5,0.8945929553378391,0.5,46.5
277,4.0,1,297.0,0.8667430940379084,0.0,49.0
470,5.0,1,500.0,0.7224631099948977,0.0,54.0
533,5.0,1,214.0,0.950759028805632,4.0,44.0
490,5.0,2,389.0,0.7840979138078488,5.5,40.5
269,1.0,1,418.0,0.4064108401475742,1.0,60.0
307,4.0,3,415.0,0.5908091056089175,4.666666666666667,35.666666666666664
46,4.0,3,245.0,0.6715721635393074,2.3333333333333335,49.333333333333336
388,4.0,1,147.0,0.9078487386451305,0.0,54.0
742,4.0,2,252.0,0.9214717838033835,2.0,57.0
856,4.0,1,350.0,0.7626394412497718,0.0,66.0
250,3.0,2,162.5,0.6746823865552367,7.5,37.0
241,5.0,2,381.0,0.8345221821258674,10.0,32.0
1019,5.0,1,499.0,0.7765924606250351,0.0,41.0
1141,5.0,4,421.0,0.8996836000328583,2.75,44.75
536,4.0,2,452.0,0.687143787874331,2.5,34.0
514,3.0,8,361.125,0.4707600560440559,5.625,34.75
165,5.0,1,169.0,0.9662968711103092,2.0,47.0
1186,4.0,1,401.0,0.8655215823763103,5.0,34.0
275,5.0,1,111.0,0.9470124610251041,0.0,34.0
893,4.0,5,403.0,0.8092950333965196,2.4,46.6
1180,4.0,2,228.0,0.4879630337120243,1.5,43.5
95,3.0,1,311.0,0.8052486582428308,0.0,24.0
49,5.0,1,298.0,0.7865646891057326,2.0,27.0
778,5.0,1,246.0,0.828834340931464,0.0,42.0
508,5.0,2,316.5,0.8867672848162305,3.5,41.5
520,4.0,24,300.375,0.8664666487651659,1.3333333333333333,40.583333333333336
16,5.0,1,246.0,0.7359665542941082,0.0,39.0
706,4.0,4,404.25,0.8210357389479953,0.5,38.75
355,5.0,1,139.0,0.8268470029353503,2.0,30.0
685,5.0,1,281.0,0.6653232797399515,0.0,26.0
614,4.0,3,346.0,0.8276322440692149,1.6666666666666667,32.666666666666664
242,5.0,5,410.6,0.6469039757287443,5.6,43.6
322,4.0,2,158.0,0.740099504221188,2.0,38.0
718,3.0,1,139.0,0.6701726751728061,0.0,26.0
461,5.0,2,160.5,0.8998932247266405,0.0,29.5
499,5.0,1,100.0,0.8504264031817994,1.0,35.0
489,4.0,2,239.0,0.9286804547271289,0.0,31.5
1017,4.0,1,188.0,0.9369561281749488,0.0,41.0
198,4.0,2,364.0,0.7887150036061334,1.0,37.0
106,2.0,1,343.0,0.6309278979704109,0.0,31.0
924,3.0,1,335.0,0.6841328640055659,1.0,46.0
814,1.0,1,296.0,0.7731253228128876,0.0,66.0
228,4.0,3,285.0,0.7769416131266526,2.3333333333333335,38.333333333333336
416,4.0,1,500.0,0.8445666734555584,1.0,37.0
666,5.0,2,75.5,0.8906830160370169,0.0,44.5
168,4.0,2,355.0,0.672785122384201,1.0,49.0
726,5.0,2,275.5,0.8967957605784607,0.5,38.5
699,5.0,1,242.0,0.865647542300608,2.0,37.0
476,4.0,1,317.0,0.9261360323125336,4.0,53.0
638,5.0,1,153.0,0.7468211942876198,0.0,70.0
369,1.0,1,201.0,0.15890862626911822,1.0,36.0
317,5.0,1,502.0,0.8641811609199712,1.0,29.0
656,4.0,2,393.0,0.7598578762220032,0.5,44.5
166,5.0,7,229.14285714285714,0.8181325817309587,1.0,50.0
537,4.0,1,500.0,0.8011257499743888,3.0,54.0
722,5.0,1,154.0,0.9400033385926453,0.0,40.0
469,5.0,1,500.0,0.7987334231300834,1.0,54.0
493,5.0,1,466.0,0.8037489096852207,0.0,40.0
913,2.0,1,500.0,0.524162011216514,2.0,74.0
213,4.0,2,196.5,0.7417712031424541,0.0,41.5
532,5.0,1,438.0,0.9446990712618395,4.0,45.0
1061,4.0,14,332.7857142857143,0.8491499269885721,2.4285714285714284,39.42857142857143
266,3.0,1,311.0,0.4149628482548179,5.0,52.0
599,5.0,1,225.0,0.693778987244136,0.0,37.0
289,5.0,1,499.0,0.640914734705788,4.0,35.0
1143,4.0,1,100.0,0.8784037011043034,0.0,61.0
120,5.0,1,187.0,0.8575908596851093,3.0,37.0
314,3.0,1,500.0,0.2722075981339828,32.0,58.0
531,5.0,2,338.0,0.9065473260590222,0.0,45.5
1193,5.0,5,348.2,0.8589615415754958,2.6,39.4
15,2.0,1,86.0,0.5979705811601791,0.0,34.0
239,4.0,2,100.5,0.8101755232842275,0.5,36.5
802,4.0,2,397.5,0.7974887732744972,1.0,46.0
795,5.0,1,222.0,0.9651557192685366,0.0,50.0
884,3.0,10,367.3,0.7616365994495817,4.4,45.3
1169,3.0,1,84.0,0.5623074189909222,0.0,26.0
610,3.0,1,500.0,0.24955663036733639,9.0,26.0
200,4.0,2,395.5,0.8504735717215826,5.5,47.5
576,4.0,6,271.5,0.835466173597914,0.16666666666666666,35.333333333333336
367,5.0,1,143.0,0.9547983379759771,0.0,46.0
408,5.0,3,340.6666666666667,0.8997724110558525,1.0,42.333333333333336
529,5.0,2,228.5,0.9632528289271736,2.5,29.0
75,5.0,1,500.0,0.8441770434926551,1.0,28.0
190,4.0,8,234.0,0.7914846531552028,0.625,48.5
51,5.0,1,253.0,0.8214318711110999,0.0,26.0
600,4.0,1,309.0,0.8526895245503076,0.0,46.0
608,5.0,1,164.0,0.9588064939052477,3.0,27.0
539,5.0,1,217.0,0.8842142474328751,5.0,45.0
354,4.0,1,81.0,0.7508654331534727,0.0,39.0
962,5.0,1,301.0,0.8998601832597695,4.0,54.0
1203,4.0,7,216.0,0.8099227943501374,0.2857142857142857,39.142857142857146
41,5.0,1,201.0,0.959883179593742,0.0,34.0
587,4.0,1,499.0,0.7326213157737665,0.0,32.0
171,5.0,1,432.0,0.9395500772208651,0.0,33.0
915,5.0,2,438.5,0.9156554600377317,5.0,53.5
567,2.0,2,340.0,0.674608770170863,1.5,45.5
582,4.0,2,222.0,0.9151299398401208,0.0,35.0
169,4.0,25,251.72,0.799093562053232,1.96,41.24
530,4.0,2,178.0,0.7790566463878974,0.0,33.5
527,4.0,1,432.0,0.7877132283230026,1.0,60.0
784,5.0,1,138.0,0.9434545721280294,1.0,33.0
717,5.0,5,224.2,0.9532966112755386,0.6,49.2
957,5.0,1,281.0,0.8657034907807463,1.0,48.0
296,5.0,3,312.3333333333333,0.8461034339467511,2.3333333333333335,55.0
357,5.0,5,315.0,0.7848731979854211,3.6,47.0
1185,2.0,2,89.5,0.3103387381067033,0.5,39.5
451,4.0,4,384.75,0.5588645316811912,8.75,47.75
316,4.0,13,359.15384615384613,0.77379390375249,3.076923076923077,37.23076923076923
449,5.0,1,112.0,0.9798072846812016,2.0,41.0
1188,5.0,1,140.0,0.9883905669010746,0.0,63.0
291,5.0,2,186.5,0.7963837962561411,0.5,32.0
768,5.0,1,138.0,0.9568083527763745,3.0,28.0
694,4.0,1,335.0,0.9147508868391996,5.0,36.0
311,5.0,1,217.0,0.9864891297904135,2.0,21.0
658,5.0,1,128.0,0.8686288474086935,0.0,51.0
259,2.0,1,500.0,0.2777380219983486,1.0,42.0
1155,4.0,1,86.0,0.6998126950016474,0.0,20.0
224,5.0,1,500.0,0.363445181045718,3.0,35.0
455,3.0,5,341.4,0.6090659813406198,3.2,36.6
657,4.0,1,500.0,0.8013027394927124,1.0,53.0
310,5.0,1,381.0,0.9755457324962519,0.0,32.0
1,4.0,3,204.66666666666666,0.8635534491445881,0.3333333333333333,36.666666666666664
1159,4.0,2,146.0,0.9399386070195777,0.0,30.0
335,5.0,3,147.66666666666666,0.8998839632375114,2.6666666666666665,35.0
497,4.0,1,192.0,0.8076683779379434,2.0,25.0
271,3.0,1,500.0,0.6536515078630807,13.0,70.0
7,5.0,1,201.0,0.8816088309645256,0.0,39.0
637,4.0,1,91.0,0.6085486426614781,0.0,32.0
217,4.0,1,186.0,0.46984848219308695,0.0,39.0
298,4.0,5,399.8,0.8184588368551511,4.6,42.8
681,4.0,1,500.0,0.7959519586339552,1.0,53.0
643,4.0,2,337.5,0.8553576518387193,0.5,45.0
687,4.0,2,105.0,0.7885873369969756,0.5,27.5
60,4.0,1,100.0,0.9197808047496561,0.0,25.0
709,5.0,2,288.5,0.8677592682185695,0.0,52.5
1167,3.0,4,243.5,0.40050074471933006,1.5,42.0
655,4.0,1,444.0,0.9129410566201521,0.0,32.0
749,4.0,3,317.3333333333333,0.8062946503973877,0.0,38.0
400,4.0,2,490.5,0.5473604444152713,6.5,32.5
507,5.0,1,500.0,0.9462590929644906,3.0,39.0
55,5.0,1,499.0,0.9610223988311623,0.0,41.0
631,4.0,1,115.0,0.9160515143736732,0.0,27.0
1161,5.0,1,406.0,0.8198151526847663,0.0,54.0
227,3.0,1,229.0,0.8177676274067068,3.0,33.0
487,5.0,1,494.0,0.8159129124179486,2.0,35.0
387,5.0,1,192.0,0.9719039449325637,0.0,34.0
640,2.0,2,279.0,0.46563969679543626,6.5,47.5
345,4.0,1,78.0,0.8423585221847376,0.0,39.0
630,5.0,2,143.5,0.9509791045138911,0.5,30.5
181,5.0,1,359.0,0.8208641224818511,0.0,68.0
721,5.0,2,279.0,0.9184381894896916,3.0,34.0
262,4.0,6,281.8333333333333,0.8391719610760205,2.0,47.166666666666664
522,4.0,1,112.0,0.8387052484347055,0.0,27.0
